{"count":1,"gauges":{},"self":79.544736,"total":79.6184287,"children":{"AgentSendState":{"count":3936,"self":0.0262451,"total":0.030869999999999998,"children":{"CollectObservations":{"count":3152,"self":0.0046248999999999995,"total":0.0046248999999999995,"children":null}}},"DecideAction":{"count":3936,"self":0.0084222,"total":0.0084222,"children":null},"AgentAct":{"count":3936,"self":0.033394599999999997,"total":0.033394599999999997,"children":null}}}