{"count":1,"gauges":{},"self":82.1644096,"total":82.2282805,"children":{"AgentSendState":{"count":4075,"self":0.025593599999999998,"total":0.0275931,"children":{"CollectObservations":{"count":1632,"self":0.0019995,"total":0.0019995,"children":null}}},"DecideAction":{"count":4075,"self":0.0090854,"total":0.0090854,"children":null},"AgentAct":{"count":4075,"self":0.0261858,"total":0.0261858,"children":null}}}