{"count":1,"gauges":{},"self":180.1549696,"total":180.2234264,"children":{"AgentSendState":{"count":8982,"self":0.0211247,"total":0.023013199999999998,"children":{"CollectObservations":{"count":3596,"self":0.0018885,"total":0.0018885,"children":null}}},"DecideAction":{"count":8982,"self":0.0035104,"total":0.0035104,"children":null},"AgentAct":{"count":8982,"self":0.0399632,"total":0.0399632,"children":null}}}