{"count":1,"gauges":{},"self":15.779086399999999,"total":15.798542699999999,"children":{"AgentSendState":{"count":755,"self":0.0076878,"total":0.0096879999999999987,"children":{"CollectObservations":{"count":304,"self":0.0020001999999999997,"total":0.0020001999999999997,"children":null}}},"DecideAction":{"count":755,"self":0,"total":0,"children":null},"AgentAct":{"count":755,"self":0.0088072,"total":0.0088072,"children":null}}}