{"count":1,"gauges":{},"self":73.811577599999993,"total":73.87685909999999,"children":{"AgentSendState":{"count":3649,"self":0.0244804,"total":0.0282946,"children":{"CollectObservations":{"count":2920,"self":0.0038142,"total":0.0038142,"children":null}}},"DecideAction":{"count":3649,"self":0.008536199999999999,"total":0.008536199999999999,"children":null},"AgentAct":{"count":3649,"self":0.0274521,"total":0.0274521,"children":null}}}