{"count":1,"gauges":{},"self":36.5273152,"total":36.5490381,"children":{"AgentSendState":{"count":1793,"self":0.0124,"total":0.0124,"children":{"CollectObservations":{"count":720,"self":0,"total":0,"children":null}}},"DecideAction":{"count":1793,"self":0.0018537999999999998,"total":0.0018537999999999998,"children":null},"AgentAct":{"count":1793,"self":0.0064678999999999995,"total":0.0064678999999999995,"children":null}}}