{"count":1,"gauges":{},"self":67.6949312,"total":67.7382879,"children":{"AgentSendState":{"count":3354,"self":0.0187051,"total":0.020380099999999998,"children":{"CollectObservations":{"count":2688,"self":0.0016749999999999998,"total":0.0016749999999999998,"children":null}}},"DecideAction":{"count":3354,"self":0.00097189999999999993,"total":0.00097189999999999993,"children":null},"AgentAct":{"count":3354,"self":0.021005199999999998,"total":0.021005199999999998,"children":null}}}