{"count":1,"gauges":{},"self":130.4794368,"total":130.60111609999998,"children":{"AgentSendState":{"count":6496,"self":0.050170799999999995,"total":0.054945999999999995,"children":{"CollectObservations":{"count":2600,"self":0.0047751999999999994,"total":0.0047751999999999994,"children":null}}},"DecideAction":{"count":6496,"self":0.0110672,"total":0.0110672,"children":null},"AgentAct":{"count":6496,"self":0.0546653,"total":0.0546653,"children":null}}}