{"count":1,"gauges":{},"self":99.959167999999991,"total":100.0396758,"children":{"AgentSendState":{"count":4966,"self":0.0282047,"total":0.032825599999999996,"children":{"CollectObservations":{"count":1988,"self":0.0046209,"total":0.0046209,"children":null}}},"DecideAction":{"count":4966,"self":0.0100041,"total":0.0100041,"children":null},"AgentAct":{"count":4966,"self":0.036677799999999997,"total":0.036677799999999997,"children":null}}}