{"count":1,"gauges":{},"self":7.5628303999999993,"total":7.5760698999999994,"children":{"AgentSendState":{"count":351,"self":0.0065856,"total":0.0075435999999999993,"children":{"CollectObservations":{"count":144,"self":0.000958,"total":0.000958,"children":null}}},"DecideAction":{"count":351,"self":0.0009977,"total":0.0009977,"children":null},"AgentAct":{"count":351,"self":0.0036988999999999998,"total":0.0036988999999999998,"children":null}}}