{"count":1,"gauges":{},"self":57.17968,"total":57.2467627,"children":{"AgentSendState":{"count":2811,"self":0.020669399999999997,"total":0.028993599999999998,"children":{"CollectObservations":{"count":2256,"self":0.0083242,"total":0.0083242,"children":null}}},"DecideAction":{"count":2811,"self":0.0035464999999999997,"total":0.0035464999999999997,"children":null},"AgentAct":{"count":2811,"self":0.033511099999999995,"total":0.033511099999999995,"children":null}}}