{"count":1,"gauges":{},"self":98.2498816,"total":98.3697255,"children":{"AgentSendState":{"count":4903,"self":0.0319158,"total":0.0437346,"children":{"CollectObservations":{"count":3928,"self":0.011818799999999999,"total":0.011818799999999999,"children":null}}},"DecideAction":{"count":4903,"self":0.0168955,"total":0.0168955,"children":null},"AgentAct":{"count":4903,"self":0.0582209,"total":0.0582209,"children":null}}}