{"count":1,"gauges":{},"self":24.250294399999998,"total":24.277573,"children":{"AgentSendState":{"count":1175,"self":0.007358,"total":0.012653699999999999,"children":{"CollectObservations":{"count":944,"self":0.0052956999999999995,"total":0.0052956999999999995,"children":null}}},"DecideAction":{"count":1175,"self":0.0014459,"total":0.0014459,"children":null},"AgentAct":{"count":1175,"self":0.0121703,"total":0.0121703,"children":null}}}