{"count":1,"gauges":{},"self":64.0189184,"total":64.0662045,"children":{"AgentSendState":{"count":3169,"self":0.0209841,"total":0.0209841,"children":{"CollectObservations":{"count":1268,"self":0,"total":0,"children":null}}},"DecideAction":{"count":3169,"self":0.0055410999999999993,"total":0.0055410999999999993,"children":null},"AgentAct":{"count":3169,"self":0.0197602,"total":0.0197602,"children":null}}}