{"count":1,"gauges":{},"self":85.78096,"total":85.8582065,"children":{"AgentSendState":{"count":4255,"self":0.032283599999999996,"total":0.0352006,"children":{"CollectObservations":{"count":1704,"self":0.002917,"total":0.002917,"children":null}}},"DecideAction":{"count":4255,"self":0.0060970999999999994,"total":0.0060970999999999994,"children":null},"AgentAct":{"count":4255,"self":0.034946,"total":0.034946,"children":null}}}