{"count":1,"gauges":{"PassingTheBallImiReinf.CumulativeReward":{"count":4,"max":8.147818,"min":2.12827325,"value":3.93416548,"weightedAverage":3.74587965}},"self":41.800688,"total":42.1575354,"children":{"AgentSendState":{"count":2083,"self":0.0168671,"total":0.024949299999999997,"children":{"CollectObservations":{"count":2090,"self":0.0080822,"total":0.0080822,"children":null}}},"DecideAction":{"count":2083,"self":0.3110657,"total":0.31306639999999997,"children":{"RayPerceptionSensor.Perceive":{"count":418,"self":0.0020007,"total":0.0020007,"children":null}}},"AgentAct":{"count":2083,"self":0.0178317,"total":0.0178317,"children":null}}}