{"count":1,"gauges":{},"self":22.713848,"total":22.748316,"children":{"AgentSendState":{"count":1101,"self":0.0104177,"total":0.0143328,"children":{"CollectObservations":{"count":888,"self":0.0039150999999999995,"total":0.0039150999999999995,"children":null}}},"DecideAction":{"count":1101,"self":0.0048443,"total":0.0048443,"children":null},"AgentAct":{"count":1101,"self":0.0142927,"total":0.0142927,"children":null}}}