{"count":1,"gauges":{},"self":125.74547199999999,"total":125.8756762,"children":{"AgentSendState":{"count":6241,"self":0.0429098,"total":0.0478817,"children":{"CollectObservations":{"count":5000,"self":0.0049719,"total":0.0049719,"children":null}}},"DecideAction":{"count":6241,"self":0.018073,"total":0.018073,"children":null},"AgentAct":{"count":6241,"self":0.0632536,"total":0.0632536,"children":null}}}