{"count":1,"gauges":{},"self":138.3752064,"total":138.5139391,"children":{"AgentSendState":{"count":6877,"self":0.0472452,"total":0.062865499999999991,"children":{"CollectObservations":{"count":5504,"self":0.0156203,"total":0.0156203,"children":null}}},"DecideAction":{"count":6877,"self":0.011673099999999999,"total":0.011673099999999999,"children":null},"AgentAct":{"count":6877,"self":0.0631977,"total":0.0631977,"children":null}}}