{"count":1,"gauges":{},"self":77.4361984,"total":77.492078499999991,"children":{"AgentSendState":{"count":3836,"self":0.027242799999999998,"total":0.027242799999999998,"children":{"CollectObservations":{"count":3072,"self":0,"total":0,"children":null}}},"DecideAction":{"count":3836,"self":0.0058734999999999994,"total":0.0058734999999999994,"children":null},"AgentAct":{"count":3836,"self":0.0217654,"total":0.0217654,"children":null}}}