{"count":1,"gauges":{},"self":53.787392,"total":53.837356799999995,"children":{"AgentSendState":{"count":2646,"self":0.0160354,"total":0.0198821,"children":{"CollectObservations":{"count":2120,"self":0.0038466999999999998,"total":0.0038466999999999998,"children":null}}},"DecideAction":{"count":2646,"self":0.0057047,"total":0.0057047,"children":null},"AgentAct":{"count":2646,"self":0.0234249,"total":0.0234249,"children":null}}}