{"count":1,"gauges":{},"self":35.4438112,"total":35.4634286,"children":{"AgentSendState":{"count":1740,"self":0.0109429,"total":0.0119534,"children":{"CollectObservations":{"count":696,"self":0.0010105,"total":0.0010105,"children":null}}},"DecideAction":{"count":1740,"self":0.0010046999999999999,"total":0.0010046999999999999,"children":null},"AgentAct":{"count":1740,"self":0.0056612,"total":0.0056612,"children":null}}}