{"count":1,"gauges":{},"self":22.754590399999998,"total":22.7734415,"children":{"AgentSendState":{"count":1122,"self":0.0066562999999999995,"total":0.0086359,"children":{"CollectObservations":{"count":452,"self":0.0019795999999999998,"total":0.0019795999999999998,"children":null}}},"DecideAction":{"count":1122,"self":0.0018196,"total":0.0018196,"children":null},"AgentAct":{"count":1122,"self":0.0073951999999999993,"total":0.0073951999999999993,"children":null}}}