{"count":1,"gauges":{"GoalKeep.CumulativeReward":{"count":48,"max":5,"min":-1,"value":5,"weightedAverage":4.18332624},"PassingTheBallImiReinf.CumulativeReward":{"count":49,"max":5.538025,"min":-0.49,"value":0.01,"weightedAverage":0.109679885}},"self":300.96455679999997,"total":303.121326,"children":{"RayPerceptionSensor.Perceive":{"count":96,"self":0.0078222,"total":0.0078222,"children":null},"AgentSendState":{"count":15044,"self":0.0793175,"total":0.10872549999999999,"children":{"CollectObservations":{"count":3010,"self":0.010643399999999999,"total":0.010643399999999999,"children":null},"RayPerceptionSensor.Perceive":{"count":3010,"self":0.0187646,"total":0.0187646,"children":null}}},"DecideAction":{"count":15044,"self":1.9515106,"total":1.9728184999999998,"children":{"RayPerceptionSensor.Perceive":{"count":3010,"self":0.021307899999999998,"total":0.021307899999999998,"children":null}}},"AgentAct":{"count":15044,"self":0.0663999,"total":0.0663999,"children":null}}}