{"count":1,"gauges":{},"self":185.2956544,"total":185.37778469999998,"children":{"AgentSendState":{"count":9238,"self":0.0246907,"total":0.032422099999999995,"children":{"CollectObservations":{"count":3696,"self":0.0077313999999999994,"total":0.0077313999999999994,"children":null}}},"DecideAction":{"count":9238,"self":0.0106539,"total":0.0106539,"children":null},"AgentAct":{"count":9238,"self":0.0380506,"total":0.0380506,"children":null}}}