{"count":1,"gauges":{},"self":1080.282624,"total":1081.0028734,"children":{"AgentSendState":{"count":53983,"self":0.2407576,"total":0.2948328,"children":{"CollectObservations":{"count":43192,"self":0.0540752,"total":0.0540752,"children":null}}},"DecideAction":{"count":53983,"self":0.0799998,"total":0.0799998,"children":null},"AgentAct":{"count":53983,"self":0.34443779999999996,"total":0.34443779999999996,"children":null}}}