{"count":1,"gauges":{},"self":68.070374399999992,"total":68.1349094,"children":{"AgentSendState":{"count":3367,"self":0.0180315,"total":0.0218546,"children":{"CollectObservations":{"count":2696,"self":0.0038231,"total":0.0038231,"children":null}}},"DecideAction":{"count":3367,"self":0.0069727,"total":0.0069727,"children":null},"AgentAct":{"count":3367,"self":0.034746,"total":0.034746,"children":null}}}